month,channel,total_revenue,total_orders,aov,total_spend,new_customers,existing_customers,new_customer_orders,existing_customer_orders,sessions,users,spend,impressions,clicks,returned_value,technology_spend,revenue_share,returns_value_dist,technology_spend_dist,net_revenue
1/1/2024,Affiliate,64319.0,523.0,122.98,12864.0,306.0,102.0,310.0,213.0,2800.0,2500.0,12864.0,643200.0,3216.0,25000.0,15000.0,0.05,1250.0,750.0,63069.0
1/1/2024,Direct,195000.0,1500.0,130.0,0.0,800.0,1200.0,810.0,690.0,14000.0,12000.0,0.0,0.0,0.0,25000.0,15000.0,0.15,3750.0,2250.0,191250.0
1/1/2024,Email,280000.0,2500.0,112.0,5000.0,1000.0,4000.0,1010.0,1490.0,23000.0,18000.0,5000.0,250000.0,25000.0,25000.0,15000.0,0.21,5250.0,3150.0,274750.0
1/1/2024,Organic Social,120000.0,1100.0,109.09,2500.0,400.0,1600.0,405.0,695.0,10000.0,8000.0,2500.0,125000.0,6250.0,25000.0,15000.0,0.09,2250.0,1350.0,117750.0
1/1/2024,Paid Search,450000.0,3500.0,128.57,90000.0,2000.0,800.0,2020.0,1480.0,32000.0,28000.0,90000.0,1800000.0,36000.0,25000.0,15000.0,0.34,8500.0,5100.0,441500.0
1/1/2024,Paid Social,220000.0,1800.0,122.22,60000.0,1087.0,450.0,1100.0,700.0,25000.0,21000.0,60000.0,1700000.0,34000.0,25000.0,15000.0,0.17,4250.0,2550.0,215750.0
2/1/2024,Affiliate,66000.0,540.0,122.22,13200.0,315.0,105.0,320.0,220.0,2900.0,2600.0,13200.0,660000.0,3300.0,26000.0,15500.0,0.05,1300.0,775.0,64700.0
2/1/2024,Direct,200000.0,1550.0,129.03,0.0,820.0,1230.0,830.0,720.0,14500.0,12500.0,0.0,0.0,0.0,26000.0,15500.0,0.15,3900.0,2325.0,196100.0
2/1/2024,Email,290000.0,2580.0,112.4,5200.0,1020.0,4080.0,1030.0,1550.0,23500.0,18500.0,5200.0,260000.0,26000.0,26000.0,15500.0,0.22,5720.0,3410.0,284280.0
2/1/2024,Organic Social,125000.0,1150.0,108.7,2600.0,410.0,1640.0,415.0,735.0,10500.0,8500.0,2600.0,130000.0,6500.0,26000.0,15500.0,0.09,2340.0,1395.0,122660.0
2/1/2024,Paid Search,460000.0,3580.0,128.49,92000.0,2045.0,820.0,2060.0,1520.0,33000.0,29000.0,92000.0,1840000.0,36800.0,26000.0,15500.0,0.34,8840.0,5270.0,451160.0
2/1/2024,Paid Social,230000.0,1880.0,122.34,62000.0,1123.0,460.0,1140.0,740.0,26000.0,22000.0,62000.0,1750000.0,35000.0,26000.0,15500.0,0.17,4420.0,2635.0,225580.0
3/1/2024,Affiliate,68000.0,560.0,121.43,13600.0,324.0,110.0,330.0,230.0,3000.0,2700.0,13600.0,680000.0,3400.0,27000.0,16000.0,0.05,1350.0,800.0,66650.0
3/1/2024,Direct,205000.0,1600.0,128.13,0.0,840.0,1260.0,850.0,750.0,15000.0,13000.0,0.0,0.0,0.0,27000.0,16000.0,0.15,4050.0,2400.0,200950.0
3/1/2024,Email,300000.0,2660.0,112.78,5400.0,1040.0,4160.0,1050.0,1610.0,24000.0,19000.0,5400.0,270000.0,27000.0,27000.0,16000.0,0.21,5670.0,3360.0,294330.0
3/1/2024,Organic Social,130000.0,1200.0,108.33,2700.0,420.0,1680.0,425.0,775.0,11000.0,9000.0,2700.0,135000.0,6750.0,27000.0,16000.0,0.09,2430.0,1440.0,127570.0
3/1/2024,Paid Search,475000.0,3700.0,128.38,95000.0,2100.0,840.0,2120.0,1580.0,34000.0,30000.0,95000.0,1900000.0,38000.0,27000.0,16000.0,0.34,9180.0,5440.0,465820.0
3/1/2024,Paid Social,240000.0,1960.0,122.45,64000.0,1160.0,470.0,1180.0,780.0,27000.0,23000.0,64000.0,1800000.0,36000.0,27000.0,16000.0,0.17,4590.0,2720.0,235410.0
3/1/2024,TikTok,35000.0,250.0,140.0,30000.0,233.0,50.0,235.0,15.0,5000.0,4500.0,30000.0,750000.0,7500.0,5000.0,2000.0,0.02,100.0,40.0,34900.0
,,,,,,,,,,,,,,,,,,,,
1/1/2024,Affiliate,64319.0,523.0,122.98,12864.0,306.0,102.0,310.0,213.0,2800.0,2500.0,12864.0,643200.0,3216.0,25000.0,15000.0,0.048763,1219.08,731.45,63100.0
1/1/2024,Direct,195000.0,1500.0,130.0,0.0,800.0,1200.0,810.0,690.0,14000.0,12000.0,0.0,0.0,0.0,25000.0,15000.0,0.14782,3695.5,2217.3,191305.0
1/1/2024,Email,280000.0,2500.0,112.0,5000.0,1000.0,4000.0,1010.0,1490.0,23000.0,18000.0,5000.0,250000.0,25000.0,25000.0,15000.0,0.21226,5306.5,3183.9,274694.0
1/1/2024,Organic Social,120000.0,1100.0,109.09,2500.0,400.0,1600.0,405.0,695.0,10000.0,8000.0,2500.0,125000.0,6250.0,25000.0,15000.0,0.09097,2274.25,1364.55,117726.0
1/1/2024,Paid Search,450000.0,3500.0,128.57,90000.0,2000.0,800.0,2020.0,1480.0,32000.0,28000.0,90000.0,1800000.0,36000.0,25000.0,15000.0,0.34115,8528.75,5117.25,441471.0
1/1/2024,Paid Social,220000.0,1800.0,122.22,60000.0,1087.0,450.0,1100.0,700.0,25000.0,21000.0,60000.0,1700000.0,34000.0,25000.0,15000.0,0.16678,4169.5,2501.7,215831.0
2/1/2024,Affiliate,66000.0,540.0,122.22,13200.0,315.0,105.0,320.0,220.0,2900.0,2600.0,13200.0,660000.0,3300.0,26000.0,15500.0,0.04958,1289.08,768.49,64711.0
2/1/2024,Direct,200000.0,1550.0,129.03,0.0,820.0,1230.0,830.0,720.0,14500.0,12500.0,0.0,0.0,0.0,26000.0,15500.0,0.15026,3906.8,2329.03,196093.0
2/1/2024,Email,290000.0,2580.0,112.4,5200.0,1020.0,4080.0,1030.0,1550.0,23500.0,18500.0,5200.0,260000.0,26000.0,26000.0,15500.0,0.21788,5664.88,3377.14,284335.0
2/1/2024,Organic Social,125000.0,1150.0,108.7,2600.0,410.0,1640.0,415.0,735.0,10500.0,8500.0,2600.0,130000.0,6500.0,26000.0,15500.0,0.09392,2441.92,1455.76,122558.0
2/1/2024,Paid Search,460000.0,3580.0,128.49,92000.0,2045.0,820.0,2060.0,1520.0,33000.0,29000.0,92000.0,1840000.0,36800.0,26000.0,15500.0,0.34557,8984.82,5356.34,451015.0
2/1/2024,Paid Social,230000.0,1880.0,122.34,62000.0,1123.0,460.0,1140.0,740.0,26000.0,22000.0,62000.0,1750000.0,35000.0,26000.0,15500.0,0.1728,4492.8,2678.4,225507.0
3/1/2024,Affiliate,68000.0,560.0,121.43,13600.0,324.0,110.0,330.0,230.0,3000.0,2700.0,13600.0,680000.0,3400.0,27000.0,16000.0,0.04938,1333.26,790.06,66667.0
3/1/2024,Direct,205000.0,1600.0,128.13,0.0,840.0,1260.0,850.0,750.0,15000.0,13000.0,0.0,0.0,0.0,27000.0,16000.0,0.14884,4018.68,2371.4,200981.0
3/1/2024,Email,300000.0,2660.0,112.78,5400.0,1040.0,4160.0,1050.0,1610.0,24000.0,19000.0,5400.0,270000.0,27000.0,27000.0,16000.0,0.2178,5880.6,3470.4,294119.0
3/1/2024,Organic Social,130000.0,1200.0,108.33,2700.0,420.0,1680.0,425.0,775.0,11000.0,9000.0,2700.0,135000.0,6750.0,27000.0,16000.0,0.09439,2548.53,1503.78,127451.0
3/1/2024,Paid Search,475000.0,3700.0,128.38,95000.0,2100.0,840.0,2120.0,1580.0,34000.0,30000.0,95000.0,1900000.0,38000.0,27000.0,16000.0,0.34488,9311.76,5502.48,465688.0
3/1/2024,Paid Social,240000.0,1960.0,122.45,64000.0,1160.0,470.0,1180.0,780.0,27000.0,23000.0,64000.0,1800000.0,36000.0,27000.0,16000.0,0.17427,4705.29,2777.88,235295.0
3/1/2024,TikTok,35000.0,250.0,140.0,30000.0,233.0,50.0,235.0,15.0,5000.0,4500.0,30000.0,750000.0,7500.0,27000.0,16000.0,0.02542,686.34,404.0,34314.0
4/1/2024,Affiliate,70000.0,580.0,120.69,14000.0,333.0,112.0,340.0,240.0,3100.0,2800.0,14000.0,700000.0,3500.0,28000.0,16500.0,0.04943,1384.04,815.6,68616.0
4/1/2024,Direct,210000.0,1650.0,127.27,0.0,860.0,1290.0,870.0,780.0,15500.0,13500.0,0.0,0.0,0.0,28000.0,16500.0,0.14827,4151.56,2446.46,205848.0
4/1/2024,Email,310000.0,2740.0,113.14,5600.0,1060.0,4240.0,1070.0,1670.0,24500.0,19500.0,5600.0,280000.0,28000.0,28000.0,16500.0,0.21884,6127.52,3610.86,303872.0
4/1/2024,Organic Social,135000.0,1250.0,108.0,2800.0,430.0,1720.0,435.0,815.0,11500.0,9500.0,2800.0,140000.0,7000.0,28000.0,16500.0,0.09531,2668.68,1572.61,132331.0
4/1/2024,Paid Search,485000.0,3780.0,128.31,97000.0,2140.0,860.0,2160.0,1620.0,35000.0,31000.0,97000.0,1940000.0,38800.0,28000.0,16500.0,0.3424,9587.2,5649.6,475413.0
4/1/2024,Paid Social,250000.0,2050.0,121.95,66000.0,1200.0,480.0,1220.0,830.0,28000.0,24000.0,66000.0,1850000.0,37000.0,28000.0,16500.0,0.17649,4941.72,2912.09,245058.0
4/1/2024,TikTok,40000.0,280.0,142.86,32000.0,266.0,55.0,270.0,10.0,5500.0,5000.0,32000.0,800000.0,8000.0,28000.0,16500.0,0.02824,790.72,465.96,39209.0
5/1/2024,Affiliate,72000.0,600.0,120.0,14400.0,342.0,115.0,350.0,250.0,3200.0,2900.0,14400.0,720000.0,3600.0,29000.0,17000.0,0.04935,1431.15,838.95,70569.0
5/1/2024,Direct,215000.0,1700.0,126.47,0.0,880.0,1320.0,890.0,810.0,16000.0,14000.0,0.0,0.0,0.0,29000.0,17000.0,0.14736,4273.44,2505.12,210727.0
5/1/2024,Email,320000.0,2820.0,113.48,5800.0,1080.0,4320.0,1090.0,1730.0,25000.0,20000.0,5800.0,290000.0,29000.0,29000.0,17000.0,0.21933,6360.57,3728.61,313639.0
5/1/2024,Organic Social,140000.0,1300.0,107.69,2900.0,440.0,1760.0,445.0,855.0,12000.0,10000.0,2900.0,145000.0,7250.0,29000.0,17000.0,0.09596,2782.84,1631.32,137217.0
5/1/2024,Paid Search,500000.0,3900.0,128.21,100000.0,2200.0,880.0,2220.0,1680.0,36000.0,32000.0,100000.0,2000000.0,40000.0,29000.0,17000.0,0.34269,9938.01,5825.73,490062.0
5/1/2024,Paid Social,260000.0,2140.0,121.5,68000.0,1240.0,490.0,1260.0,880.0,29000.0,25000.0,68000.0,1900000.0,38000.0,29000.0,17000.0,0.1782,5167.8,3029.4,254832.0
5/1/2024,TikTok,42000.0,300.0,140.0,34000.0,280.0,60.0,285.0,15.0,6000.0,5500.0,34000.0,850000.0,8500.0,29000.0,17000.0,0.02879,834.91,489.43,41165.0
6/1/2024,Affiliate,74000.0,620.0,119.35,14800.0,351.0,118.0,360.0,260.0,3300.0,3000.0,14800.0,740000.0,3700.0,30000.0,17500.0,0.0494,1482.0,864.5,72518.0
6/1/2024,Direct,220000.0,1750.0,125.71,0.0,900.0,1350.0,910.0,840.0,16500.0,14500.0,0.0,0.0,0.0,30000.0,17500.0,0.14686,4405.8,2569.05,215594.0
6/1/2024,Email,330000.0,2900.0,113.79,6000.0,1100.0,4400.0,1110.0,1790.0,25500.0,20500.0,6000.0,300000.0,30000.0,30000.0,17500.0,0.22026,6607.8,3854.55,323392.0
6/1/2024,Organic Social,145000.0,1350.0,107.41,3000.0,450.0,1800.0,455.0,895.0,12500.0,10500.0,3000.0,150000.0,7500.0,30000.0,17500.0,0.09679,2903.7,1693.82,142096.0
6/1/2024,Paid Search,515000.0,4020.0,128.11,103000.0,2260.0,900.0,2280.0,1740.0,37000.0,33000.0,103000.0,2060000.0,41200.0,30000.0,17500.0,0.34376,10312.8,6015.8,504687.0
6/1/2024,Paid Social,270000.0,2230.0,121.08,70000.0,1280.0,500.0,1300.0,930.0,30000.0,26000.0,70000.0,1950000.0,39000.0,30000.0,17500.0,0.18024,5407.2,3154.2,264593.0
6/1/2024,TikTok,44000.0,320.0,137.5,36000.0,294.0,65.0,300.0,20.0,6500.0,6000.0,36000.0,900000.0,9000.0,30000.0,17500.0,0.02937,881.1,513.97,43119.0
7/1/2024,Affiliate,76000.0,640.0,118.75,15200.0,360.0,120.0,370.0,270.0,3400.0,3100.0,15200.0,760000.0,3800.0,31000.0,18000.0,0.04938,1530.78,888.84,74469.0
7/1/2024,Direct,225000.0,1800.0,125.0,0.0,920.0,1380.0,930.0,870.0,17000.0,15000.0,0.0,0.0,0.0,31000.0,18000.0,0.14619,4531.89,2631.42,220468.0
7/1/2024,Email,340000.0,3000.0,113.33,6200.0,1120.0,4480.0,1130.0,1870.0,26000.0,21000.0,6200.0,310000.0,31000.0,31000.0,18000.0,0.22092,6848.52,3976.56,333151.0
7/1/2024,Organic Social,150000.0,1400.0,107.14,3100.0,460.0,1840.0,465.0,935.0,13000.0,11000.0,3100.0,155000.0,7750.0,31000.0,18000.0,0.09746,3021.26,1754.28,146979.0
7/1/2024,Paid Search,530000.0,4140.0,128.02,106000.0,2320.0,920.0,2340.0,1800.0,38000.0,34000.0,106000.0,2120000.0,42400.0,31000.0,18000.0,0.34436,10675.16,6198.48,519325.0
7/1/2024,Paid Social,280000.0,2320.0,120.69,72000.0,1320.0,520.0,1340.0,980.0,31000.0,27000.0,72000.0,2000000.0,40000.0,31000.0,18000.0,0.18193,5639.83,3274.74,274360.0
7/1/2024,TikTok,46000.0,340.0,135.29,38000.0,308.0,70.0,315.0,25.0,7000.0,6500.0,38000.0,950000.0,9500.0,31000.0,18000.0,0.02989,926.59,538.02,45073.0
8/1/2024,Affiliate,78000.0,660.0,118.18,15600.0,369.0,123.0,380.0,280.0,3500.0,3200.0,15600.0,780000.0,3900.0,32000.0,18500.0,0.0494,1580.8,913.9,76419.0
8/1/2024,Direct,230000.0,1850.0,124.32,0.0,940.0,1410.0,950.0,900.0,17500.0,15500.0,0.0,0.0,0.0,32000.0,18500.0,0.14566,4661.12,2694.71,225339.0
8/1/2024,Email,350000.0,3100.0,112.9,6400.0,1140.0,4560.0,1150.0,1950.0,26500.0,21500.0,6400.0,320000.0,32000.0,32000.0,18500.0,0.22166,7093.12,4099.71,342907.0
8/1/2024,Organic Social,155000.0,1450.0,106.9,3200.0,470.0,1880.0,475.0,975.0,13500.0,11500.0,3200.0,160000.0,8000.0,32000.0,18500.0,0.09816,3141.12,1815.98,151859.0
8/1/2024,Paid Search,545000.0,4260.0,127.93,109000.0,2380.0,940.0,2400.0,1860.0,39000.0,35000.0,109000.0,2180000.0,43600.0,32000.0,18500.0,0.34516,11045.12,6385.47,533955.0
8/1/2024,Paid Social,290000.0,2410.0,120.33,74000.0,1360.0,530.0,1380.0,1030.0,32000.0,28000.0,74000.0,2050000.0,41000.0,32000.0,18500.0,0.18366,5877.12,3397.71,284123.0
8/1/2024,TikTok,48000.0,360.0,133.33,40000.0,323.0,75.0,330.0,30.0,7500.0,7000.0,40000.0,1000000.0,10000.0,32000.0,18500.0,0.0304,972.8,562.4,47027.0
9/1/2024,Affiliate,80000.0,680.0,117.65,16000.0,378.0,126.0,390.0,290.0,3600.0,3300.0,16000.0,800000.0,4000.0,33000.0,19000.0,0.04941,1630.53,938.79,78369.0
9/1/2024,Direct,235000.0,1900.0,123.68,0.0,960.0,1440.0,970.0,930.0,18000.0,16000.0,0.0,0.0,0.0,33000.0,19000.0,0.14515,4789.95,2757.85,230210.0
9/1/2024,Email,360000.0,3200.0,112.5,6600.0,1160.0,4640.0,1170.0,2030.0,27000.0,22000.0,6600.0,330000.0,33000.0,33000.0,19000.0,0.22236,7337.88,4224.84,352662.0
9/1/2024,Organic Social,160000.0,1500.0,106.67,3300.0,480.0,1920.0,485.0,1015.0,14000.0,12000.0,3300.0,165000.0,8250.0,33000.0,19000.0,0.09883,3261.39,1877.77,156739.0
9/1/2024,Paid Search,560000.0,4380.0,127.85,112000.0,2440.0,960.0,2460.0,1920.0,40000.0,36000.0,112000.0,2240000.0,44800.0,33000.0,19000.0,0.34589,11414.37,6571.91,548586.0
9/1/2024,Paid Social,300000.0,2500.0,120.0,76000.0,1400.0,540.0,1420.0,1080.0,33000.0,29000.0,76000.0,2100000.0,42000.0,33000.0,19000.0,0.18529,6114.57,3520.51,293885.0
9/1/2024,TikTok,50000.0,380.0,131.58,42000.0,336.0,80.0,340.0,40.0,8000.0,7500.0,42000.0,1050000.0,10500.0,33000.0,19000.0,0.03088,1019.04,586.72,48981.0
10/1/2024,Affiliate,82000.0,700.0,117.14,16400.0,387.0,130.0,400.0,300.0,3700.0,3400.0,16400.0,820000.0,4100.0,34000.0,19500.0,0.04943,1680.62,963.89,80319.0
10/1/2024,Direct,240000.0,1950.0,123.08,0.0,980.0,1470.0,990.0,960.0,18500.0,16500.0,0.0,0.0,0.0,34000.0,19500.0,0.14466,4918.44,2820.87,235082.0
10/1/2024,Email,370000.0,3300.0,112.12,6800.0,1180.0,4720.0,1190.0,2110.0,27500.0,22500.0,6800.0,340000.0,34000.0,34000.0,19500.0,0.22299,7581.66,4348.31,362418.0
10/1/2024,Organic Social,165000.0,1550.0,106.45,3400.0,490.0,1960.0,495.0,1055.0,14500.0,12500.0,3400.0,170000.0,8500.0,34000.0,19500.0,0.09946,3381.64,1939.47,161618.0
10/1/2024,Paid Search,575000.0,4500.0,127.78,115000.0,2500.0,980.0,2520.0,1980.0,41000.0,37000.0,115000.0,2300000.0,46000.0,34000.0,19500.0,0.34656,11783.04,6757.92,563217.0
10/1/2024,Paid Social,310000.0,2600.0,119.23,78000.0,1440.0,550.0,1460.0,1140.0,34000.0,30000.0,78000.0,2150000.0,43000.0,34000.0,19500.0,0.18684,6352.56,3643.38,303647.0
10/1/2024,TikTok,52000.0,400.0,130.0,44000.0,352.0,85.0,360.0,40.0,8500.0,8000.0,44000.0,1100000.0,11000.0,34000.0,19500.0,0.03134,1065.56,611.16,50934.0
11/1/2024,Affiliate,85000.0,720.0,118.06,17000.0,396.0,132.0,410.0,310.0,3800.0,3500.0,17000.0,850000.0,4250.0,35000.0,20000.0,0.04945,1730.75,989.0,83269.0
11/1/2024,Direct,245000.0,2000.0,122.5,0.0,1000.0,1500.0,1010.0,990.0,19000.0,17000.0,0.0,0.0,0.0,35000.0,20000.0,0.14252,4988.2,2850.4,240012.0
11/1/2024,Email,380000.0,3400.0,111.76,7000.0,1200.0,4800.0,1210.0,2190.0,28000.0,23000.0,7000.0,350000.0,35000.0,35000.0,20000.0,0.22106,7737.1,4421.2,372263.0
11/1/2024,Organic Social,170000.0,1600.0,106.25,3500.0,500.0,2000.0,505.0,1095.0,15000.0,13000.0,3500.0,175000.0,8750.0,35000.0,20000.0,0.0989,3461.5,1978.0,166539.0
11/1/2024,Paid Search,590000.0,4620.0,127.71,118000.0,2560.0,1000.0,2580.0,2040.0,42000.0,38000.0,118000.0,2360000.0,47200.0,35000.0,20000.0,0.34322,12012.7,6864.4,577987.0
11/1/2024,Paid Social,320000.0,2700.0,118.52,80000.0,1480.0,560.0,1500.0,1200.0,35000.0,31000.0,80000.0,2200000.0,44000.0,35000.0,20000.0,0.18616,6515.6,3723.2,313484.0
11/1/2024,TikTok,54000.0,420.0,128.57,46000.0,368.0,90.0,375.0,45.0,9000.0,8500.0,46000.0,1150000.0,11500.0,35000.0,20000.0,0.03141,1099.35,628.2,52901.0
12/1/2024,Affiliate,90000.0,750.0,120.0,18000.0,405.0,135.0,420.0,330.0,4000.0,3700.0,18000.0,900000.0,4500.0,38000.0,21000.0,0.04865,1848.7,1021.65,88151.0
12/1/2024,Direct,255000.0,2100.0,121.43,0.0,1020.0,1530.0,1030.0,1070.0,20000.0,18000.0,0.0,0.0,0.0,38000.0,21000.0,0.13765,5230.7,2890.65,249769.0
12/1/2024,Email,400000.0,3600.0,111.11,7200.0,1220.0,4880.0,1230.0,2370.0,29000.0,24000.0,7200.0,380000.0,38000.0,38000.0,21000.0,0.21622,8216.4,4540.62,391784.0
12/1/2024,Organic Social,180000.0,1700.0,105.88,3600.0,510.0,2040.0,515.0,1185.0,16000.0,14000.0,3600.0,180000.0,9000.0,38000.0,21000.0,0.0973,3697.4,2043.3,176303.0
12/1/2024,Paid Search,620000.0,4800.0,129.17,124000.0,2600.0,1020.0,2620.0,2180.0,44000.0,40000.0,124000.0,2480000.0,49600.0,38000.0,21000.0,0.33514,12735.32,7037.94,607265.0
12/1/2024,Paid Social,340000.0,2850.0,119.3,84000.0,1500.0,570.0,1520.0,1330.0,37000.0,33000.0,84000.0,2300000.0,46000.0,38000.0,21000.0,0.18378,6983.64,3859.38,333016.0
12/1/2024,TikTok,58000.0,450.0,128.89,48000.0,384.0,95.0,390.0,60.0,9500.0,9000.0,48000.0,1200000.0,12000.0,38000.0,21000.0,0.03135,1191.3,658.35,56809.0
1/1/2025,Affiliate,88000.0,730.0,120.55,17600.0,414.0,138.0,425.0,305.0,3900.0,3600.0,17600.0,880000.0,4400.0,36000.0,20500.0,0.04949,1781.64,1014.55,86218.0
1/1/2025,Direct,250000.0,2050.0,121.95,0.0,1010.0,1515.0,1020.0,1030.0,19500.0,17500.0,0.0,0.0,0.0,36000.0,20500.0,0.1406,5061.6,2882.3,244938.0
1/1/2025,Email,390000.0,3500.0,111.43,7100.0,1210.0,4840.0,1220.0,2280.0,28500.0,23500.0,7100.0,360000.0,36000.0,36000.0,20500.0,0.21935,7896.6,4496.68,382103.0
1/1/2025,Organic Social,175000.0,1650.0,106.06,3550.0,505.0,2020.0,510.0,1140.0,15500.0,13500.0,3550.0,177500.0,8875.0,36000.0,20500.0,0.09842,3543.12,2017.61,171457.0
1/1/2025,Paid Search,605000.0,4710.0,128.45,121000.0,2580.0,1010.0,2600.0,2110.0,43000.0,39000.0,121000.0,2420000.0,48400.0,36000.0,20500.0,0.34027,12249.72,6975.54,592750.0
1/1/2025,Paid Social,330000.0,2770.0,119.13,82000.0,1490.0,565.0,1510.0,1260.0,36000.0,32000.0,82000.0,2250000.0,45000.0,36000.0,20500.0,0.1856,6681.6,3804.8,323318.0
1/1/2025,TikTok,56000.0,435.0,128.74,47000.0,376.0,92.0,380.0,55.0,9200.0,8700.0,47000.0,1175000.0,11750.0,36000.0,20500.0,0.0315,1134.0,645.75,54866.0
2/1/2025,Affiliate,92000.0,760.0,121.05,18400.0,423.0,141.0,435.0,325.0,4100.0,3800.0,18400.0,920000.0,4600.0,38000.0,21500.0,0.04949,1880.62,1063.54,90119.0
2/1/2025,Direct,260000.0,2150.0,120.93,0.0,1030.0,1545.0,1040.0,1110.0,20500.0,18500.0,0.0,0.0,0.0,38000.0,21500.0,0.13986,5314.68,3006.99,254685.0
2/1/2025,Email,410000.0,3700.0,110.81,7300.0,1230.0,4920.0,1240.0,2460.0,29500.0,24500.0,7300.0,380000.0,38000.0,38000.0,21500.0,0.22055,8380.9,4741.83,401619.0
2/1/2025,Organic Social,185000.0,1750.0,105.71,3650.0,515.0,2060.0,520.0,1230.0,16500.0,14500.0,3650.0,187500.0,9375.0,38000.0,21500.0,0.09952,3781.76,2139.68,181218.0
2/1/2025,Paid Search,630000.0,4900.0,128.57,126000.0,2620.0,1030.0,2640.0,2260.0,45000.0,41000.0,126000.0,2520000.0,50400.0,38000.0,21500.0,0.33889,12877.82,7286.14,617122.0
2/1/2025,Paid Social,345000.0,2880.0,119.79,85000.0,1510.0,575.0,1530.0,1350.0,37000.0,33000.0,85000.0,2350000.0,47000.0,38000.0,21500.0,0.18558,7052.04,3989.98,337948.0
2/1/2025,TikTok,60000.0,460.0,130.43,50000.0,392.0,98.0,400.0,60.0,9800.0,9300.0,50000.0,1250000.0,12500.0,38000.0,21500.0,0.03227,1226.26,693.81,58774.0
3/1/2025,Affiliate,95000.0,780.0,121.79,19000.0,432.0,144.0,445.0,335.0,4200.0,3900.0,19000.0,950000.0,4750.0,40000.0,22000.0,0.04945,1978.0,1087.9,93022.0
3/1/2025,Direct,270000.0,2250.0,120.0,0.0,1050.0,1575.0,1060.0,1190.0,21000.0,19000.0,0.0,0.0,0.0,40000.0,22000.0,0.14056,5622.4,3092.32,264378.0
3/1/2025,Email,430000.0,3900.0,110.26,7500.0,1250.0,5000.0,1260.0,2640.0,30000.0,25000.0,7500.0,400000.0,40000.0,40000.0,22000.0,0.22384,8953.6,4924.48,421046.0
3/1/2025,Organic Social,195000.0,1850.0,105.41,3750.0,525.0,2100.0,530.0,1320.0,17000.0,15000.0,3750.0,197500.0,9875.0,40000.0,22000.0,0.10151,4060.4,2233.22,190940.0
3/1/2025,Paid Search,655000.0,5100.0,128.43,131000.0,2660.0,1050.0,2680.0,2420.0,46000.0,42000.0,131000.0,2620000.0,52400.0,40000.0,22000.0,0.34098,13639.2,7401.56,641361.0
3/1/2025,Paid Social,360000.0,3000.0,120.0,88000.0,1530.0,580.0,1550.0,1450.0,38000.0,34000.0,88000.0,2450000.0,49000.0,40000.0,22000.0,0.1874,7496.0,4122.8,352504.0
3/1/2025,TikTok,64000.0,480.0,133.33,52000.0,408.0,102.0,415.0,65.0,10200.0,9700.0,52000.0,1300000.0,13000.0,40000.0,22000.0,0.03332,1332.8,733.04,62667.0
4/1/2025,Affiliate,98000.0,800.0,122.5,19600.0,441.0,147.0,455.0,345.0,4300.0,4000.0,19600.0,980000.0,4900.0,42000.0,22500.0,0.04952,2079.84,1114.2,95920.0
4/1/2025,Direct,280000.0,2350.0,119.15,0.0,1070.0,1605.0,1080.0,1270.0,21500.0,19500.0,0.0,0.0,0.0,42000.0,22500.0,0.14148,5942.16,3183.3,274058.0
4/1/2025,Email,450000.0,4100.0,109.76,7700.0,1270.0,5080.0,1280.0,2820.0,30500.0,25500.0,7700.0,420000.0,42000.0,42000.0,22500.0,0.22739,9550.38,5116.28,440449.0
4/1/2025,Organic Social,205000.0,1950.0,105.13,3850.0,535.0,2140.0,540.0,1410.0,17500.0,15500.0,3850.0,207500.0,10375.0,42000.0,22500.0,0.10359,4350.78,2330.78,200649.0
4/1/2025,Paid Search,680000.0,5300.0,128.3,136000.0,2700.0,1070.0,2720.0,2580.0,47000.0,43000.0,136000.0,2720000.0,54400.0,42000.0,22500.0,0.34361,14431.62,7731.23,665568.0
4/1/2025,Paid Social,375000.0,3120.0,120.19,91000.0,1550.0,590.0,1570.0,1550.0,39000.0,35000.0,91000.0,2550000.0,51000.0,42000.0,22500.0,0.18949,7958.58,4263.53,367041.0
4/1/2025,TikTok,68000.0,500.0,136.0,54000.0,424.0,106.0,430.0,70.0,10500.0,10000.0,54000.0,1350000.0,13500.0,42000.0,22500.0,0.03436,1443.16,773.12,66557.0
5/1/2025,Affiliate,100000.0,820.0,121.95,20000.0,450.0,150.0,465.0,355.0,4400.0,4100.0,20000.0,1000000.0,5000.0,44000.0,23000.0,0.04948,2177.12,1138.04,97823.0
5/1/2025,Direct,290000.0,2450.0,118.37,0.0,1090.0,1635.0,1100.0,1350.0,22000.0,20000.0,0.0,0.0,0.0,44000.0,23000.0,0.14349,6313.56,3290.27,283686.0
5/1/2025,Email,470000.0,4300.0,109.3,7900.0,1290.0,5160.0,1300.0,3000.0,31000.0,26000.0,7900.0,440000.0,44000.0,44000.0,23000.0,0.23256,10232.6,5348.88,459767.0
5/1/2025,Organic Social,215000.0,2050.0,104.88,3950.0,545.0,2180.0,550.0,1500.0,18000.0,16000.0,3950.0,217500.0,10875.0,44000.0,23000.0,0.10638,4680.72,2446.74,210319.0
5/1/2025,Paid Search,705000.0,5500.0,128.18,141000.0,2740.0,1090.0,2760.0,2740.0,48000.0,44000.0,141000.0,2820000.0,56400.0,44000.0,23000.0,0.34884,15348.88,8023.32,689651.0
5/1/2025,Paid Social,390000.0,3240.0,120.37,94000.0,1570.0,600.0,1590.0,1650.0,40000.0,36000.0,94000.0,2650000.0,53000.0,44000.0,23000.0,0.19297,8490.68,4438.31,381509.0
5/1/2025,TikTok,71000.0,520.0,136.54,56000.0,440.0,110.0,445.0,75.0,11000.0,10500.0,56000.0,1400000.0,14000.0,44000.0,23000.0,0.03513,1545.72,807.99,69454.0
1/1/2023,Affiliate,60000.0,500.0,120.0,12000.0,285.0,95.0,290.0,210.0,2700.0,2400.0,12000.0,600000.0,3000.0,24000.0,14500.0,0.04898,1175.52,700.21,58824.0
1/1/2023,Direct,180000.0,1400.0,128.57,0.0,750.0,1125.0,760.0,640.0,13000.0,11000.0,0.0,0.0,0.0,24000.0,14500.0,0.14693,3526.32,2120.48,176474.0
1/1/2023,Email,260000.0,2300.0,113.04,4800.0,950.0,3800.0,960.0,1340.0,22000.0,17000.0,4800.0,240000.0,24000.0,24000.0,14500.0,0.21224,5093.76,3077.48,254906.0
1/1/2023,Organic Social,110000.0,1000.0,110.0,2400.0,380.0,1520.0,385.0,615.0,9000.0,7000.0,2400.0,120000.0,6000.0,24000.0,14500.0,0.0898,2155.2,1292.1,107845.0
1/1/2023,Paid Search,420000.0,3200.0,131.25,84000.0,1900.0,760.0,1920.0,1280.0,30000.0,26000.0,84000.0,1680000.0,33600.0,24000.0,14500.0,0.34286,8228.64,4971.48,411771.0
1/1/2023,Paid Social,200000.0,1600.0,125.0,55000.0,1028.0,412.0,1040.0,560.0,23000.0,19000.0,55000.0,1500000.0,30000.0,24000.0,14500.0,0.16327,3918.48,2367.41,196081.0
2/1/2023,Affiliate,62000.0,520.0,119.23,12400.0,294.0,98.0,300.0,220.0,2800.0,2500.0,12400.0,620000.0,3100.0,25000.0,15000.0,0.04928,1232.0,739.2,60768.0
2/1/2023,Direct,185000.0,1450.0,127.59,0.0,770.0,1155.0,780.0,670.0,13500.0,11500.0,0.0,0.0,0.0,25000.0,15000.0,0.14706,3676.5,2205.9,181324.0
2/1/2023,Email,270000.0,2400.0,112.5,5000.0,970.0,3880.0,980.0,1420.0,22500.0,17500.0,5000.0,250000.0,25000.0,25000.0,15000.0,0.21462,5365.5,3219.3,264635.0
2/1/2023,Organic Social,115000.0,1050.0,109.52,2500.0,390.0,1560.0,395.0,655.0,9500.0,7500.0,2500.0,125000.0,6250.0,25000.0,15000.0,0.09141,2285.25,1371.15,112715.0
2/1/2023,Paid Search,435000.0,3300.0,131.82,87000.0,1950.0,780.0,1970.0,1330.0,31000.0,27000.0,87000.0,1740000.0,34800.0,25000.0,15000.0,0.34579,8644.75,5186.85,426355.0
2/1/2023,Paid Social,210000.0,1650.0,127.27,58000.0,1057.0,423.0,1070.0,580.0,24000.0,20000.0,58000.0,1550000.0,31000.0,25000.0,15000.0,0.16693,4173.25,2503.95,205827.0
3/1/2023,Affiliate,64000.0,540.0,118.52,12800.0,303.0,101.0,310.0,230.0,2900.0,2600.0,12800.0,640000.0,3200.0,26000.0,15500.0,0.04946,1285.96,766.62,62714.0
3/1/2023,Direct,190000.0,1500.0,126.67,0.0,790.0,1185.0,800.0,700.0,14000.0,12000.0,0.0,0.0,0.0,26000.0,15500.0,0.14687,3818.62,2276.48,186181.0
3/1/2023,Email,280000.0,2500.0,112.0,5200.0,990.0,3960.0,1000.0,1500.0,23000.0,18000.0,5200.0,260000.0,26000.0,26000.0,15500.0,0.21646,5627.96,3355.13,274372.0
3/1/2023,Organic Social,120000.0,1100.0,109.09,2600.0,400.0,1600.0,405.0,695.0,10000.0,8000.0,2600.0,130000.0,6500.0,26000.0,15500.0,0.09274,2411.24,1437.47,117589.0
3/1/2023,Paid Search,450000.0,3400.0,132.35,90000.0,2000.0,800.0,2020.0,1380.0,32000.0,28000.0,90000.0,1800000.0,36000.0,26000.0,15500.0,0.34795,9046.7,5393.23,440953.0
3/1/2023,Paid Social,220000.0,1700.0,129.41,60000.0,1086.0,434.0,1100.0,600.0,25000.0,21000.0,60000.0,1600000.0,32000.0,26000.0,15500.0,0.16999,4419.74,2634.85,215580.0
4/1/2023,Affiliate,66000.0,560.0,117.86,13200.0,312.0,104.0,320.0,240.0,3000.0,2700.0,13200.0,660000.0,3300.0,27000.0,16000.0,0.04966,1340.82,794.56,64659.0
4/1/2023,Direct,195000.0,1550.0,125.81,0.0,810.0,1215.0,820.0,730.0,14500.0,12500.0,0.0,0.0,0.0,27000.0,16000.0,0.14671,3961.17,2347.36,191039.0
4/1/2023,Email,290000.0,2600.0,111.54,5400.0,1010.0,4040.0,1020.0,1580.0,23500.0,18500.0,5400.0,270000.0,27000.0,27000.0,16000.0,0.21818,5890.86,3490.88,284109.0
4/1/2023,Organic Social,125000.0,1150.0,108.7,2700.0,410.0,1640.0,415.0,735.0,10500.0,8500.0,2700.0,135000.0,6750.0,27000.0,16000.0,0.09406,2539.62,1504.96,122460.0
4/1/2023,Paid Search,465000.0,3500.0,132.86,93000.0,2050.0,820.0,2070.0,1430.0,33000.0,29000.0,93000.0,1860000.0,37200.0,27000.0,16000.0,0.35,9450.0,5600.0,455550.0
4/1/2023,Paid Social,230000.0,1750.0,131.43,62000.0,1114.0,446.0,1130.0,620.0,26000.0,22000.0,62000.0,1650000.0,33000.0,27000.0,16000.0,0.17306,4672.62,2768.96,225327.0
5/1/2023,Affiliate,68000.0,580.0,117.24,13600.0,321.0,107.0,330.0,250.0,3100.0,2800.0,13600.0,680000.0,3400.0,28000.0,16500.0,0.04985,1395.8,822.53,66604.0
5/1/2023,Direct,200000.0,1600.0,125.0,0.0,830.0,1245.0,840.0,760.0,15000.0,13000.0,0.0,0.0,0.0,28000.0,16500.0,0.14666,4106.48,2419.89,195893.0
5/1/2023,Email,300000.0,2700.0,111.11,5600.0,1030.0,4120.0,1040.0,1660.0,24000.0,19000.0,5600.0,280000.0,28000.0,28000.0,16500.0,0.21994,6158.32,3628.01,293842.0
5/1/2023,Organic Social,130000.0,1200.0,108.33,2800.0,420.0,1680.0,425.0,775.0,11000.0,9000.0,2800.0,140000.0,7000.0,28000.0,16500.0,0.09531,2668.68,1572.61,127331.0
5/1/2023,Paid Search,480000.0,3600.0,133.33,96000.0,2100.0,840.0,2120.0,1480.0,34000.0,30000.0,96000.0,1920000.0,38400.0,28000.0,16500.0,0.35198,9855.44,5807.67,470145.0
5/1/2023,Paid Social,240000.0,1800.0,133.33,64000.0,1143.0,457.0,1160.0,640.0,27000.0,23000.0,64000.0,1700000.0,34000.0,28000.0,16500.0,0.17596,4926.88,2903.34,235073.0
6/1/2023,Affiliate,70000.0,600.0,116.67,14000.0,330.0,110.0,340.0,260.0,3200.0,2900.0,14000.0,700000.0,3500.0,29000.0,17000.0,0.04968,1440.72,844.56,68559.0
6/1/2023,Direct,205000.0,1650.0,124.24,0.0,850.0,1275.0,860.0,790.0,15500.0,13500.0,0.0,0.0,0.0,29000.0,17000.0,0.1455,4219.5,2473.5,200781.0
6/1/2023,Email,310000.0,2800.0,110.71,5800.0,1050.0,4200.0,1060.0,1740.0,24500.0,19500.0,5800.0,290000.0,29000.0,29000.0,17000.0,0.21987,6376.23,3737.79,303624.0
6/1/2023,Organic Social,135000.0,1250.0,108.0,2900.0,430.0,1720.0,435.0,815.0,11500.0,9500.0,2900.0,145000.0,7250.0,29000.0,17000.0,0.09574,2776.46,1627.58,132224.0
6/1/2023,Paid Search,495000.0,3700.0,133.78,99000.0,2150.0,860.0,2170.0,1530.0,35000.0,31000.0,99000.0,1980000.0,39600.0,29000.0,17000.0,0.35096,10177.84,5966.32,484822.0
6/1/2023,Paid Social,250000.0,1850.0,135.14,66000.0,1171.0,469.0,1190.0,660.0,28000.0,24000.0,66000.0,1750000.0,35000.0,29000.0,17000.0,0.17726,5140.54,3013.42,244859.0
7/1/2023,Affiliate,72000.0,620.0,116.13,14400.0,339.0,113.0,350.0,270.0,3300.0,3000.0,14400.0,720000.0,3600.0,30000.0,17500.0,0.04969,1490.7,869.58,70509.0
7/1/2023,Direct,210000.0,1700.0,123.53,0.0,870.0,1305.0,880.0,820.0,16000.0,14000.0,0.0,0.0,0.0,30000.0,17500.0,0.14493,4347.9,2536.28,205652.0
7/1/2023,Email,320000.0,2900.0,110.34,6000.0,1070.0,4280.0,1080.0,1820.0,25000.0,20000.0,6000.0,300000.0,30000.0,30000.0,17500.0,0.22084,6625.2,3864.7,313375.0
7/1/2023,Organic Social,140000.0,1300.0,107.69,3000.0,440.0,1760.0,445.0,855.0,12000.0,10000.0,3000.0,150000.0,7500.0,30000.0,17500.0,0.09662,2898.6,1690.85,137101.0
7/1/2023,Paid Search,510000.0,3800.0,134.21,102000.0,2200.0,880.0,2220.0,1580.0,36000.0,32000.0,102000.0,2040000.0,40800.0,30000.0,17500.0,0.35197,10559.1,6159.48,499441.0
7/1/2023,Paid Social,260000.0,1900.0,136.84,68000.0,1200.0,480.0,1220.0,680.0,29000.0,25000.0,68000.0,1800000.0,36000.0,30000.0,17500.0,0.17945,5383.5,3140.38,254617.0
8/1/2023,Affiliate,74000.0,640.0,115.63,14800.0,348.0,116.0,360.0,280.0,3400.0,3100.0,14800.0,740000.0,3700.0,31000.0,18000.0,0.0497,1540.7,894.6,72459.0
8/1/2023,Direct,215000.0,1750.0,122.86,0.0,890.0,1335.0,900.0,850.0,16500.0,14500.0,0.0,0.0,0.0,31000.0,18000.0,0.14636,4537.16,2634.48,210463.0
8/1/2023,Email,330000.0,3000.0,110.0,6200.0,1090.0,4360.0,1100.0,1900.0,25500.0,20500.0,6200.0,310000.0,31000.0,31000.0,18000.0,0.22464,6963.84,4043.52,323036.0
8/1/2023,Organic Social,145000.0,1350.0,107.41,3100.0,450.0,1800.0,455.0,895.0,12500.0,10500.0,3100.0,155000.0,7750.0,31000.0,18000.0,0.09871,3059.01,1776.78,141941.0
8/1/2023,Paid Search,525000.0,3900.0,134.62,105000.0,2250.0,900.0,2270.0,1630.0,37000.0,33000.0,105000.0,2100000.0,42000.0,31000.0,18000.0,0.35739,11079.09,6433.02,513921.0
8/1/2023,Paid Social,270000.0,1950.0,138.46,70000.0,1230.0,490.0,1250.0,700.0,30000.0,26000.0,70000.0,1850000.0,37000.0,31000.0,18000.0,0.1838,5700.0,3308.4,264300.0
9/1/2023,Affiliate,76000.0,660.0,115.15,15200.0,357.0,119.0,370.0,290.0,3500.0,3200.0,15200.0,760000.0,3800.0,32000.0,18500.0,0.04977,1592.64,920.73,74407.0
9/1/2023,Direct,220000.0,1800.0,122.22,0.0,910.0,1365.0,920.0,880.0,17000.0,15000.0,0.0,0.0,0.0,32000.0,18500.0,0.14404,4609.28,2664.74,215391.0
9/1/2023,Email,340000.0,3100.0,109.68,6400.0,1110.0,4440.0,1120.0,1980.0,26000.0,21000.0,6400.0,320000.0,32000.0,32000.0,18500.0,0.22252,7120.64,4116.62,332879.0
9/1/2023,Organic Social,150000.0,1400.0,107.14,3200.0,460.0,1840.0,465.0,935.0,13000.0,11000.0,3200.0,160000.0,8000.0,32000.0,18500.0,0.09823,3143.36,1817.27,146857.0
9/1/2023,Paid Search,540000.0,4000.0,135.0,108000.0,2300.0,920.0,2320.0,1680.0,38000.0,34000.0,108000.0,2160000.0,43200.0,32000.0,18500.0,0.35347,11311.04,6538.69,528689.0
9/1/2023,Paid Social,280000.0,2000.0,140.0,72000.0,1260.0,500.0,1280.0,720.0,31000.0,27000.0,72000.0,1900000.0,38000.0,32000.0,18500.0,0.18328,5864.96,3390.68,274135.0
10/1/2023,Affiliate,78000.0,680.0,114.71,15600.0,366.0,122.0,380.0,300.0,3600.0,3300.0,15600.0,780000.0,3900.0,33000.0,19000.0,0.04981,1643.73,946.39,76356.0
10/1/2023,Direct,225000.0,1850.0,121.62,0.0,930.0,1395.0,940.0,910.0,17500.0,15500.0,0.0,0.0,0.0,33000.0,19000.0,0.14368,4741.44,2730.0,220259.0
10/1/2023,Email,350000.0,3200.0,109.38,6600.0,1130.0,4520.0,1140.0,2060.0,26500.0,21500.0,6600.0,330000.0,33000.0,33000.0,19000.0,0.22345,7373.85,4245.55,342626.0
10/1/2023,Organic Social,155000.0,1450.0,106.9,3300.0,470.0,1880.0,475.0,975.0,13500.0,11500.0,3300.0,165000.0,8250.0,33000.0,19000.0,0.09892,3264.36,1879.48,151736.0
10/1/2023,Paid Search,555000.0,4100.0,135.37,111000.0,2350.0,940.0,2370.0,1730.0,39000.0,35000.0,111000.0,2220000.0,44400.0,33000.0,19000.0,0.35444,11696.52,6734.36,543303.0
10/1/2023,Paid Social,290000.0,2050.0,141.46,74000.0,1290.0,510.0,1310.0,740.0,32000.0,28000.0,74000.0,1950000.0,39000.0,33000.0,19000.0,0.1852,5911.68,3401.0,284088.0
11/1/2023,Affiliate,80000.0,700.0,114.29,16000.0,375.0,125.0,390.0,310.0,3700.0,3400.0,16000.0,800000.0,4000.0,34000.0,19500.0,0.04972,1690.48,969.54,78310.0
11/1/2023,Direct,230000.0,1900.0,121.05,0.0,950.0,1425.0,960.0,940.0,18000.0,16000.0,0.0,0.0,0.0,34000.0,19500.0,0.14298,4861.32,2788.11,225139.0
11/1/2023,Email,360000.0,3300.0,109.09,6800.0,1150.0,4600.0,1160.0,2140.0,27000.0,22000.0,6800.0,340000.0,34000.0,34000.0,19500.0,0.22374,7607.16,4362.93,352393.0
11/1/2023,Organic Social,160000.0,1500.0,106.67,3400.0,480.0,1920.0,485.0,1015.0,14000.0,12000.0,3400.0,170000.0,8500.0,34000.0,19500.0,0.09944,3380.96,1939.08,156619.0
11/1/2023,Paid Search,570000.0,4200.0,135.71,114000.0,2400.0,960.0,2420.0,1780.0,40000.0,36000.0,114000.0,2280000.0,45600.0,34000.0,19500.0,0.35426,12044.84,6908.07,557955.0
11/1/2023,Paid Social,300000.0,2100.0,142.86,76000.0,1320.0,520.0,1340.0,760.0,33000.0,29000.0,76000.0,2000000.0,40000.0,34000.0,19500.0,0.18648,6340.32,3636.36,293660.0
12/1/2023,Affiliate,85000.0,720.0,118.06,17000.0,384.0,128.0,400.0,320.0,3800.0,3500.0,17000.0,850000.0,4250.0,35000.0,20000.0,0.04945,1730.75,989.0,83269.0
12/1/2023,Direct,240000.0,1950.0,123.08,0.0,970.0,1455.0,980.0,970.0,18500.0,16500.0,0.0,0.0,0.0,35000.0,20000.0,0.13962,4886.7,2792.4,235113.0
12/1/2023,Email,380000.0,3400.0,111.76,7000.0,1170.0,4680.0,1180.0,2220.0,27500.0,22500.0,7000.0,350000.0,35000.0,35000.0,20000.0,0.22106,7737.1,4421.2,372263.0
12/1/2023,Organic Social,165000.0,1550.0,106.45,3500.0,490.0,1960.0,495.0,1055.0,14500.0,12500.0,3500.0,175000.0,8750.0,35000.0,20000.0,0.09598,3359.3,1919.6,161641.0
12/1/2023,Paid Search,590000.0,4300.0,137.21,118000.0,2450.0,980.0,2470.0,1830.0,41000.0,37000.0,118000.0,2360000.0,47200.0,35000.0,20000.0,0.34322,12012.7,6864.4,577987.0
12/1/2023,Paid Social,310000.0,2150.0,144.19,78000.0,1350.0,530.0,1370.0,780.0,34000.0,30000.0,78000.0,2050000.0,41000.0,35000.0,20000.0,0.18034,6311.9,3606.8,303688.0
1/1/2022,Affiliate,58000.0,480.0,120.83,11600.0,276.0,92.0,280.0,200.0,2600.0,2300.0,11600.0,580000.0,2900.0,23000.0,14000.0,0.04895,1125.85,685.3,56874.0
1/1/2022,Direct,175000.0,1350.0,129.63,0.0,720.0,1080.0,730.0,620.0,12500.0,10500.0,0.0,0.0,0.0,23000.0,14000.0,0.14768,3396.64,2067.52,171603.0
1/1/2022,Email,250000.0,2200.0,113.64,4600.0,920.0,3680.0,930.0,1270.0,21000.0,16000.0,4600.0,230000.0,23000.0,23000.0,14000.0,0.21105,4854.15,2954.7,245146.0
1/1/2022,Organic Social,105000.0,950.0,110.53,2300.0,370.0,1480.0,375.0,575.0,8500.0,6500.0,2300.0,115000.0,5750.0,23000.0,14000.0,0.08861,2038.03,1240.54,102962.0
1/1/2022,Paid Search,400000.0,3000.0,133.33,80000.0,1800.0,720.0,1820.0,1180.0,28000.0,24000.0,80000.0,1600000.0,32000.0,23000.0,14000.0,0.33754,7763.42,4725.56,392237.0
1/1/2022,Paid Social,195000.0,1500.0,130.0,52000.0,989.0,396.0,1000.0,500.0,22000.0,18000.0,52000.0,1450000.0,29000.0,23000.0,14000.0,0.16458,3785.34,2304.12,191215.0
2/1/2022,Affiliate,59000.0,490.0,120.41,11800.0,282.0,94.0,290.0,200.0,2650.0,2350.0,11800.0,590000.0,2950.0,23500.0,14250.0,0.04892,1149.62,697.11,57850.0
2/1/2022,Direct,178000.0,1380.0,128.99,0.0,735.0,1102.0,745.0,635.0,12800.0,10800.0,0.0,0.0,0.0,23500.0,14250.0,0.1476,3468.6,2103.3,174531.0
2/1/2022,Email,255000.0,2250.0,113.33,4700.0,935.0,3740.0,945.0,1305.0,21500.0,16500.0,4700.0,235000.0,23500.0,23500.0,14250.0,0.21144,4968.84,3013.02,250031.0
2/1/2022,Organic Social,107000.0,970.0,110.31,2350.0,378.0,1512.0,385.0,585.0,8700.0,6700.0,2350.0,117000.0,5850.0,23500.0,14250.0,0.08872,2085.02,1264.26,104915.0
2/1/2022,Paid Search,408000.0,3060.0,133.33,81600.0,1836.0,734.0,1850.0,1210.0,28600.0,24600.0,81600.0,1632000.0,32640.0,23500.0,14250.0,0.33832,7940.52,4820.82,400059.0
2/1/2022,Paid Social,198000.0,1530.0,129.41,53000.0,1000.0,400.0,1010.0,520.0,22500.0,18500.0,53000.0,1480000.0,29600.0,23500.0,14250.0,0.16419,3858.47,2339.21,194142.0
3/1/2022,Affiliate,60000.0,500.0,120.0,12000.0,288.0,96.0,295.0,205.0,2700.0,2400.0,12000.0,600000.0,3000.0,24000.0,14500.0,0.04898,1175.52,709.79,58824.0
3/1/2022,Direct,181000.0,1410.0,128.37,0.0,750.0,1125.0,760.0,650.0,13100.0,11100.0,0.0,0.0,0.0,24000.0,14500.0,0.14771,3545.04,2141.8,177455.0
3/1/2022,Email,260000.0,2300.0,113.04,4800.0,950.0,3800.0,960.0,1340.0,22000.0,17000.0,4800.0,240000.0,24000.0,24000.0,14500.0,0.21224,5093.76,3077.48,254906.0
3/1/2022,Organic Social,109000.0,990.0,110.1,2400.0,387.0,1548.0,395.0,595.0,8900.0,6900.0,2400.0,119000.0,5950.0,24000.0,14500.0,0.08897,2135.28,1289.07,106865.0
3/1/2022,Paid Search,416000.0,3120.0,133.33,83200.0,1872.0,749.0,1890.0,1230.0,29200.0,25200.0,83200.0,1664000.0,33280.0,24000.0,14500.0,0.33956,8149.44,4923.62,407851.0
3/1/2022,Paid Social,201000.0,1560.0,128.85,54000.0,1014.0,406.0,1025.0,535.0,23000.0,19000.0,54000.0,1510000.0,30200.0,24000.0,14500.0,0.16409,3938.16,2379.3,197062.0
4/1/2022,Affiliate,61000.0,510.0,119.61,12200.0,294.0,98.0,300.0,210.0,2750.0,2450.0,12200.0,610000.0,3050.0,24500.0,14750.0,0.04904,1201.48,723.34,59799.0
4/1/2022,Direct,184000.0,1440.0,127.78,0.0,765.0,1147.0,775.0,665.0,13400.0,11400.0,0.0,0.0,0.0,24500.0,14750.0,0.14791,3623.8,2181.67,180376.0
4/1/2022,Email,265000.0,2350.0,112.77,4900.0,965.0,3860.0,975.0,1375.0,22500.0,17500.0,4900.0,245000.0,24500.0,24500.0,14750.0,0.21302,5218.99,3142.05,259781.0
4/1/2022,Organic Social,111000.0,1010.0,109.9,2450.0,396.0,1584.0,405.0,605.0,9100.0,7100.0,2450.0,121000.0,6050.0,24500.0,14750.0,0.08923,2186.14,1316.14,108814.0
4/1/2022,Paid Search,424000.0,3180.0,133.33,84800.0,1908.0,763.0,1925.0,1255.0,29800.0,25800.0,84800.0,1696000.0,33920.0,24500.0,14750.0,0.34084,8350.58,5027.39,415649.0
4/1/2022,Paid Social,204000.0,1590.0,128.3,55000.0,1029.0,411.0,1040.0,550.0,23500.0,19500.0,55000.0,1540000.0,30800.0,24500.0,14750.0,0.16396,4017.02,2418.42,199983.0
5/1/2022,Affiliate,62000.0,520.0,119.23,12400.0,300.0,100.0,305.0,215.0,2800.0,2500.0,12400.0,620000.0,3100.0,25000.0,15000.0,0.04905,1226.25,735.75,60774.0
5/1/2022,Direct,187000.0,1470.0,127.21,0.0,780.0,1170.0,790.0,680.0,13700.0,11700.0,0.0,0.0,0.0,25000.0,15000.0,0.14798,3699.5,2219.7,183301.0
5/1/2022,Email,270000.0,2400.0,112.5,5000.0,980.0,3920.0,990.0,1410.0,23000.0,18000.0,5000.0,250000.0,25000.0,25000.0,15000.0,0.21364,5341.0,3204.6,264659.0
5/1/2022,Organic Social,113000.0,1030.0,109.71,2500.0,405.0,1620.0,415.0,615.0,9300.0,7300.0,2500.0,123000.0,6150.0,25000.0,15000.0,0.0894,2235.0,1341.0,110765.0
5/1/2022,Paid Search,432000.0,3240.0,133.33,86400.0,1944.0,778.0,1960.0,1280.0,30400.0,26400.0,86400.0,1728000.0,34560.0,25000.0,15000.0,0.34173,8543.25,5125.95,423457.0
5/1/2022,Paid Social,207000.0,1620.0,127.78,56000.0,1044.0,417.0,1055.0,565.0,24000.0,20000.0,56000.0,1570000.0,31400.0,25000.0,15000.0,0.16371,4092.75,2455.65,202907.0
6/1/2022,Affiliate,63000.0,530.0,118.87,12600.0,306.0,102.0,310.0,220.0,2850.0,2550.0,12600.0,630000.0,3150.0,25500.0,15250.0,0.04899,1249.25,747.1,61751.0
6/1/2022,Direct,190000.0,1500.0,126.67,0.0,795.0,1192.0,805.0,695.0,14000.0,12000.0,0.0,0.0,0.0,25500.0,15250.0,0.14775,3767.63,2253.19,186232.0
6/1/2022,Email,275000.0,2450.0,112.24,5100.0,995.0,3980.0,1005.0,1445.0,23500.0,18500.0,5100.0,255000.0,25500.0,25500.0,15250.0,0.21384,5452.92,3260.77,269547.0
6/1/2022,Organic Social,115000.0,1050.0,109.52,2550.0,414.0,1656.0,425.0,625.0,9500.0,7500.0,2550.0,125000.0,6250.0,25500.0,15250.0,0.08943,2280.46,1363.82,112719.0
6/1/2022,Paid Search,440000.0,3300.0,133.33,88000.0,1980.0,792.0,2000.0,1300.0,31000.0,27000.0,88000.0,1760000.0,35200.0,25500.0,15250.0,0.34215,8724.83,5217.58,431275.0
6/1/2022,Paid Social,210000.0,1650.0,127.27,57000.0,1059.0,423.0,1070.0,580.0,24500.0,20500.0,57000.0,1600000.0,32000.0,25500.0,15250.0,0.16328,4163.64,2490.54,205836.0
7/1/2022,Affiliate,64000.0,540.0,118.52,12800.0,312.0,104.0,315.0,225.0,2900.0,2600.0,12800.0,640000.0,3200.0,26000.0,15500.0,0.04893,1272.18,758.42,62728.0
7/1/2022,Direct,193000.0,1530.0,126.14,0.0,810.0,1215.0,820.0,710.0,14300.0,12300.0,0.0,0.0,0.0,26000.0,15500.0,0.14759,3837.34,2287.65,189163.0
7/1/2022,Email,280000.0,2500.0,112.0,5200.0,1010.0,4040.0,1020.0,1480.0,24000.0,19000.0,5200.0,260000.0,26000.0,26000.0,15500.0,0.21415,5567.9,3319.33,274432.0
7/1/2022,Organic Social,117000.0,1070.0,109.35,2600.0,423.0,1692.0,435.0,635.0,9700.0,7700.0,2600.0,127000.0,6350.0,26000.0,15500.0,0.08945,2325.7,1386.48,114674.0
7/1/2022,Paid Search,448000.0,3360.0,133.33,89600.0,2016.0,806.0,2035.0,1325.0,31600.0,27600.0,89600.0,1792000.0,35840.0,26000.0,15500.0,0.3427,8900.2,5311.85,439090.0
7/1/2022,Paid Social,213000.0,1680.0,126.79,58000.0,1074.0,429.0,1085.0,595.0,25000.0,21000.0,58000.0,1630000.0,32600.0,26000.0,15500.0,0.16288,4234.88,2524.64,208765.0
8/1/2022,Affiliate,65000.0,550.0,118.18,13000.0,318.0,106.0,320.0,230.0,2950.0,2650.0,13000.0,650000.0,3250.0,26500.0,15750.0,0.04877,1292.42,768.17,63708.0
8/1/2022,Direct,196000.0,1560.0,125.64,0.0,825.0,1237.0,835.0,725.0,14600.0,12600.0,0.0,0.0,0.0,26500.0,15750.0,0.14704,3901.56,2315.89,192098.0
8/1/2022,Email,285000.0,2550.0,111.76,5300.0,1025.0,4100.0,1035.0,1515.0,24500.0,19500.0,5300.0,265000.0,26500.0,26500.0,15750.0,0.2138,5665.7,3367.35,279334.0
8/1/2022,Organic Social,119000.0,1090.0,109.17,2650.0,432.0,1728.0,445.0,645.0,9900.0,7900.0,2650.0,129000.0,6450.0,26500.0,15750.0,0.08927,2365.66,1406.01,116634.0
8/1/2022,Paid Search,456000.0,3420.0,133.33,91200.0,2052.0,821.0,2070.0,1350.0,32200.0,28200.0,91200.0,1824000.0,36480.0,26500.0,15750.0,0.34212,9066.18,5389.38,446934.0
8/1/2022,Paid Social,216000.0,1710.0,126.32,59000.0,1089.0,435.0,1100.0,610.0,25500.0,21500.0,59000.0,1660000.0,33200.0,26500.0,15750.0,0.16204,4294.06,2552.13,211706.0
9/1/2022,Affiliate,66000.0,560.0,117.86,13200.0,324.0,108.0,325.0,235.0,3000.0,2700.0,13200.0,660000.0,3300.0,27000.0,16000.0,0.04857,1311.39,777.12,64689.0
9/1/2022,Direct,199000.0,1590.0,125.16,0.0,840.0,1260.0,850.0,740.0,14900.0,12900.0,0.0,0.0,0.0,27000.0,16000.0,0.14643,3953.61,2342.88,195046.0
9/1/2022,Email,290000.0,2600.0,111.54,5400.0,1040.0,4160.0,1050.0,1550.0,25000.0,20000.0,5400.0,270000.0,27000.0,27000.0,16000.0,0.21339,5761.53,3414.24,284238.0
9/1/2022,Paid Search,464000.0,3480.0,133.33,92800.0,2088.0,835.0,2105.0,1375.0,32800.0,28800.0,92800.0,1856000.0,37120.0,27000.0,16000.0,0.34141,9218.07,5462.56,454782.0
9/1/2022,Paid Social,219000.0,1740.0,125.86,60000.0,1104.0,441.0,1115.0,625.0,26000.0,22000.0,60000.0,1690000.0,33800.0,27000.0,16000.0,0.16115,4351.05,2578.4,214649.0
10/1/2022,Affiliate,67000.0,570.0,117.54,13400.0,330.0,110.0,330.0,240.0,3050.0,2750.0,13400.0,670000.0,3350.0,27500.0,16250.0,0.04859,1336.23,789.71,65664.0
10/1/2022,Direct,202000.0,1620.0,124.69,0.0,855.0,1282.0,865.0,755.0,15200.0,13200.0,0.0,0.0,0.0,27500.0,16250.0,0.14648,4028.2,2380.06,197972.0
10/1/2022,Email,295000.0,2650.0,111.32,5500.0,1055.0,4220.0,1065.0,1585.0,25500.0,20500.0,5500.0,275000.0,27500.0,27500.0,16250.0,0.21392,5882.8,3476.21,289117.0
10/1/2022,Organic Social,123000.0,1120.0,109.82,2700.0,420.0,1680.0,420.0,700.0,10200.0,8200.0,2700.0,132000.0,6600.0,27500.0,16250.0,0.0892,2453.0,1449.5,120547.0
10/1/2022,Paid Search,472000.0,3540.0,133.33,94400.0,2124.0,850.0,2140.0,1400.0,33400.0,29400.0,94400.0,1888000.0,37760.0,27500.0,16250.0,0.34227,9412.43,5561.89,462588.0
10/1/2022,Paid Social,222000.0,1770.0,125.42,61000.0,1119.0,447.0,1130.0,640.0,26500.0,22500.0,61000.0,1720000.0,34400.0,27500.0,16250.0,0.16099,4427.23,2616.09,217573.0
11/1/2022,Affiliate,68000.0,580.0,117.24,13600.0,336.0,112.0,335.0,245.0,3100.0,2800.0,13600.0,680000.0,3400.0,28000.0,16500.0,0.04847,1357.16,800.0,66643.0
11/1/2022,Direct,205000.0,1650.0,124.24,0.0,870.0,1305.0,880.0,770.0,15500.0,13500.0,0.0,0.0,0.0,28000.0,16500.0,0.14615,4092.2,2411.48,200908.0
11/1/2022,Email,300000.0,2700.0,111.11,5600.0,1070.0,4280.0,1080.0,1620.0,26000.0,21000.0,5600.0,280000.0,28000.0,28000.0,16500.0,0.21389,5988.92,3529.19,294011.0
11/1/2022,Organic Social,125000.0,1150.0,108.7,2750.0,430.0,1720.0,430.0,720.0,10500.0,8500.0,2750.0,135000.0,6750.0,28000.0,16500.0,0.0891,2494.8,1470.15,122505.0
11/1/2022,Paid Search,480000.0,3600.0,133.33,96000.0,2160.0,864.0,2180.0,1420.0,34000.0,30000.0,96000.0,1920000.0,38400.0,28000.0,16500.0,0.34219,9581.32,5646.14,470419.0
11/1/2022,Paid Social,225000.0,1800.0,125.0,62000.0,1134.0,454.0,1145.0,655.0,27000.0,23000.0,62000.0,1750000.0,35000.0,28000.0,16500.0,0.1604,4491.2,2646.6,220509.0
12/1/2022,Affiliate,70000.0,600.0,116.67,14000.0,345.0,115.0,345.0,255.0,3200.0,2900.0,14000.0,700000.0,3500.0,29000.0,17000.0,0.04808,1394.32,817.36,68606.0
12/1/2022,Direct,210000.0,1700.0,123.53,0.0,885.0,1327.0,895.0,805.0,16000.0,14000.0,0.0,0.0,0.0,29000.0,17000.0,0.14423,4182.67,2451.91,205817.0
12/1/2022,Email,310000.0,2800.0,110.71,5700.0,1085.0,4340.0,1095.0,1705.0,26500.0,21500.0,5700.0,290000.0,29000.0,29000.0,17000.0,0.21291,6174.39,3619.47,303826.0
12/1/2022,Organic Social,130000.0,1200.0,108.33,2800.0,440.0,1760.0,440.0,760.0,11000.0,9000.0,2800.0,140000.0,7000.0,29000.0,17000.0,0.08928,2589.12,1517.76,127411.0
12/1/2022,Paid Search,495000.0,3700.0,133.78,99000.0,2200.0,880.0,2220.0,1480.0,35000.0,31000.0,99000.0,1980000.0,39600.0,29000.0,17000.0,0.34,9860.0,5780.0,485140.0
12/1/2022,Paid Social,235000.0,1850.0,127.03,64000.0,1149.0,459.0,1160.0,690.0,27500.0,23500.0,64000.0,1800000.0,36000.0,29000.0,17000.0,0.16142,4681.18,2744.14,230319.0
1/1/2021,Affiliate,56000.0,460.0,121.74,11200.0,267.0,89.0,270.0,190.0,2500.0,2200.0,11200.0,560000.0,2800.0,22000.0,13500.0,0.04891,1075.02,660.29,54925.0
1/1/2021,Direct,170000.0,1300.0,130.77,0.0,690.0,1035.0,700.0,600.0,12000.0,10000.0,0.0,0.0,0.0,22000.0,13500.0,0.14856,3268.32,2005.56,166732.0
1/1/2021,Email,240000.0,2100.0,114.29,4400.0,890.0,3560.0,900.0,1200.0,20000.0,15000.0,4400.0,220000.0,22000.0,22000.0,13500.0,0.20988,4617.36,2833.38,235383.0
1/1/2021,Organic Social,100000.0,900.0,111.11,2200.0,360.0,1440.0,365.0,535.0,8000.0,6000.0,2200.0,110000.0,5500.0,22000.0,13500.0,0.08741,1923.02,1180.04,98077.0
1/1/2021,Paid Search,380000.0,2800.0,135.71,76000.0,1700.0,680.0,1720.0,1080.0,26000.0,22000.0,76000.0,1520000.0,30400.0,22000.0,13500.0,0.33217,7307.74,4484.3,372692.0
1/1/2021,Paid Social,190000.0,1400.0,135.71,50000.0,950.0,380.0,960.0,440.0,21000.0,17000.0,50000.0,1400000.0,28000.0,22000.0,13500.0,0.16608,3653.76,2242.08,186346.0
2/1/2021,Affiliate,57000.0,470.0,121.28,11400.0,273.0,91.0,280.0,190.0,2550.0,2250.0,11400.0,570000.0,2850.0,22500.0,13750.0,0.04888,1100.0,672.35,55900.0
2/1/2021,Direct,173000.0,1330.0,130.08,0.0,705.0,1057.0,715.0,615.0,12300.0,10300.0,0.0,0.0,0.0,22500.0,13750.0,0.14833,3337.43,2039.54,169663.0
2/1/2021,Email,245000.0,2150.0,113.95,4500.0,905.0,3620.0,915.0,1235.0,20500.0,15500.0,4500.0,225000.0,22500.0,22500.0,13750.0,0.21003,4725.68,2887.91,240274.0
2/1/2021,Organic Social,102000.0,920.0,110.87,2250.0,369.0,1476.0,375.0,545.0,8200.0,6200.0,2250.0,112000.0,5600.0,22500.0,13750.0,0.08744,1967.4,1202.3,100033.0
2/1/2021,Paid Search,388000.0,2860.0,135.66,77600.0,1736.0,694.0,1750.0,1110.0,26600.0,22600.0,77600.0,1552000.0,31040.0,22500.0,13750.0,0.33276,7487.1,4575.45,380513.0
2/1/2021,Paid Social,192000.0,1430.0,134.27,51000.0,965.0,386.0,975.0,455.0,21500.0,17500.0,51000.0,1430000.0,28600.0,22500.0,13750.0,0.16457,3702.83,2262.83,188297.0
3/1/2021,Affiliate,58000.0,480.0,120.83,11600.0,279.0,93.0,285.0,195.0,2600.0,2300.0,11600.0,580000.0,2900.0,23000.0,14000.0,0.04886,1123.78,684.04,56876.0
3/1/2021,Direct,176000.0,1360.0,129.41,0.0,720.0,1080.0,730.0,630.0,12600.0,10600.0,0.0,0.0,0.0,23000.0,14000.0,0.14827,3410.21,2075.78,172590.0
3/1/2021,Email,250000.0,2200.0,113.64,4600.0,920.0,3680.0,930.0,1270.0,21000.0,16000.0,4600.0,230000.0,23000.0,23000.0,14000.0,0.21053,4842.19,2947.42,245158.0
3/1/2021,Organic Social,104000.0,940.0,110.64,2300.0,378.0,1512.0,385.0,555.0,8400.0,6400.0,2300.0,114000.0,5700.0,23000.0,14000.0,0.08762,2015.26,1226.68,101985.0
3/1/2021,Paid Search,396000.0,2920.0,135.62,79200.0,1772.0,709.0,1790.0,1130.0,27200.0,23200.0,79200.0,1584000.0,31680.0,23000.0,14000.0,0.33361,7673.03,4670.54,388327.0
3/1/2021,Paid Social,195000.0,1460.0,133.56,52000.0,980.0,392.0,990.0,470.0,22000.0,18000.0,52000.0,1460000.0,29200.0,23000.0,14000.0,0.16425,3777.75,2299.5,191222.0
4/1/2021,Affiliate,59000.0,490.0,120.41,11800.0,285.0,95.0,290.0,200.0,2650.0,2350.0,11800.0,590000.0,2950.0,23500.0,14250.0,0.04884,1147.74,696.18,57852.0
4/1/2021,Direct,179000.0,1390.0,128.78,0.0,735.0,1102.0,745.0,645.0,12900.0,10900.0,0.0,0.0,0.0,23500.0,14250.0,0.14822,3483.17,2112.63,175517.0
4/1/2021,Email,255000.0,2250.0,113.33,4700.0,935.0,3740.0,945.0,1305.0,21500.0,16500.0,4700.0,235000.0,23500.0,23500.0,14250.0,0.21118,4962.73,3009.06,250037.0
4/1/2021,Organic Social,106000.0,960.0,110.42,2350.0,387.0,1548.0,395.0,565.0,8600.0,6600.0,2350.0,116000.0,5800.0,23500.0,14250.0,0.08775,2062.13,1249.11,103938.0
4/1/2021,Paid Search,404000.0,2980.0,135.57,80800.0,1808.0,723.0,1825.0,1155.0,27800.0,23800.0,80800.0,1616000.0,32320.0,23500.0,14250.0,0.33446,7860.0,4765.8,396140.0
4/1/2021,Paid Social,198000.0,1490.0,132.89,53000.0,995.0,398.0,1005.0,485.0,22500.0,18500.0,53000.0,1490000.0,29800.0,23500.0,14250.0,0.16393,3852.35,2335.5,194148.0
5/1/2021,Affiliate,60000.0,500.0,120.0,12000.0,291.0,97.0,295.0,205.0,2700.0,2400.0,12000.0,600000.0,3000.0,24000.0,14500.0,0.04882,1171.68,707.89,58828.0
5/1/2021,Direct,182000.0,1420.0,128.17,0.0,750.0,1125.0,760.0,660.0,13200.0,11200.0,0.0,0.0,0.0,24000.0,14500.0,0.14809,3554.16,2147.3,178446.0
5/1/2021,Email,260000.0,2300.0,113.04,4800.0,950.0,3800.0,960.0,1340.0,22000.0,17000.0,4800.0,240000.0,24000.0,24000.0,14500.0,0.21155,5077.2,3067.48,254923.0
5/1/2021,Organic Social,108000.0,980.0,110.2,2400.0,396.0,1584.0,405.0,575.0,8800.0,6800.0,2400.0,118000.0,5900.0,24000.0,14500.0,0.08788,2109.12,1274.26,105891.0
5/1/2021,Paid Search,412000.0,3040.0,135.53,82400.0,1844.0,738.0,1860.0,1180.0,28400.0,24400.0,82400.0,1648000.0,32960.0,24000.0,14500.0,0.33523,8045.52,4860.83,403954.0
5/1/2021,Paid Social,201000.0,1520.0,132.24,54000.0,1010.0,404.0,1020.0,500.0,23000.0,19000.0,54000.0,1520000.0,30400.0,24000.0,14500.0,0.16354,3924.96,2371.32,197075.0
6/1/2021,Affiliate,61000.0,510.0,119.61,12200.0,297.0,99.0,300.0,210.0,2750.0,2450.0,12200.0,610000.0,3050.0,24500.0,14750.0,0.04876,1194.62,719.21,59805.0
6/1/2021,Direct,185000.0,1450.0,127.59,0.0,765.0,1147.0,775.0,675.0,13500.0,11500.0,0.0,0.0,0.0,24500.0,14750.0,0.14788,3623.06,2181.23,181377.0
6/1/2021,Email,265000.0,2350.0,112.77,4900.0,965.0,3860.0,975.0,1375.0,22500.0,17500.0,4900.0,245000.0,24500.0,24500.0,14750.0,0.21183,5189.84,3124.51,259810.0
6/1/2021,Organic Social,110000.0,1000.0,110.0,2450.0,405.0,1620.0,415.0,585.0,9000.0,7000.0,2450.0,120000.0,6000.0,24500.0,14750.0,0.08793,2154.28,1296.97,107846.0
6/1/2021,Paid Search,420000.0,3100.0,135.48,84000.0,1880.0,752.0,1900.0,1200.0,29000.0,25000.0,84000.0,1680000.0,33600.0,24500.0,14750.0,0.33573,8225.38,4952.53,411775.0
6/1/2021,Paid Social,205000.0,1550.0,132.26,55000.0,1025.0,410.0,1035.0,515.0,23500.0,19500.0,55000.0,1550000.0,31000.0,24500.0,14750.0,0.16387,4014.82,2417.08,200985.0
7/1/2021,Affiliate,62000.0,520.0,119.23,12400.0,303.0,101.0,305.0,215.0,2800.0,2500.0,12400.0,620000.0,3100.0,25000.0,15000.0,0.0487,1217.5,730.5,60783.0
7/1/2021,Direct,188000.0,1480.0,127.03,0.0,780.0,1170.0,790.0,690.0,13800.0,11800.0,0.0,0.0,0.0,25000.0,15000.0,0.14768,3692.0,2215.2,184308.0
7/1/2021,Email,270000.0,2400.0,112.5,5000.0,980.0,3920.0,990.0,1410.0,23000.0,18000.0,5000.0,250000.0,25000.0,25000.0,15000.0,0.21209,5302.25,3181.35,264698.0
7/1/2021,Organic Social,112000.0,1020.0,109.8,2500.0,414.0,1656.0,425.0,595.0,9200.0,7200.0,2500.0,122000.0,6100.0,25000.0,15000.0,0.08798,2199.5,1319.7,109801.0
7/1/2021,Paid Search,428000.0,3160.0,135.44,85600.0,1916.0,766.0,1935.0,1225.0,29600.0,25600.0,85600.0,1712000.0,34240.0,25000.0,15000.0,0.33621,8405.25,5043.15,419595.0
7/1/2021,Paid Social,208000.0,1580.0,131.65,56000.0,1040.0,416.0,1050.0,530.0,24000.0,20000.0,56000.0,1580000.0,31600.0,25000.0,15000.0,0.16336,4084.0,2450.4,203916.0
8/1/2021,Affiliate,63000.0,530.0,118.87,12600.0,309.0,103.0,310.0,220.0,2850.0,2550.0,12600.0,630000.0,3150.0,25500.0,15250.0,0.04865,1240.58,745.89,61759.0
8/1/2021,Direct,191000.0,1510.0,126.49,0.0,795.0,1192.0,805.0,705.0,14100.0,12100.0,0.0,0.0,0.0,25500.0,15250.0,0.14757,3762.04,2250.8,187238.0
8/1/2021,Email,275000.0,2450.0,112.24,5100.0,995.0,3980.0,1005.0,1445.0,23500.0,18500.0,5100.0,255000.0,25500.0,25500.0,15250.0,0.21244,5417.22,3241.27,269583.0
8/1/2021,Organic Social,114000.0,1040.0,109.62,2550.0,423.0,1692.0,435.0,605.0,9400.0,7400.0,2550.0,124000.0,6200.0,25500.0,15250.0,0.08806,2245.54,1343.83,111754.0
8/1/2021,Paid Search,436000.0,3220.0,135.4,87200.0,1952.0,781.0,1970.0,1250.0,30200.0,26200.0,87200.0,1744000.0,34880.0,25500.0,15250.0,0.33694,8591.97,5140.23,427408.0
8/1/2021,Paid Social,211000.0,1610.0,131.06,57000.0,1055.0,422.0,1065.0,545.0,24500.0,20500.0,57000.0,1610000.0,32200.0,25500.0,15250.0,0.16301,4156.76,2487.61,206843.0
9/1/2021,Affiliate,64000.0,540.0,118.52,12800.0,315.0,105.0,315.0,225.0,2900.0,2600.0,12800.0,640000.0,3200.0,26000.0,15500.0,0.04859,1263.34,755.19,62737.0
9/1/2021,Direct,194000.0,1540.0,125.97,0.0,810.0,1215.0,820.0,720.0,14400.0,12400.0,0.0,0.0,0.0,26000.0,15500.0,0.14723,3827.98,2288.07,190172.0
9/1/2021,Email,280000.0,2500.0,112.0,5200.0,1010.0,4040.0,1020.0,1480.0,24000.0,19000.0,5200.0,260000.0,26000.0,26000.0,15500.0,0.21252,5525.52,3299.06,274474.0
9/1/2021,Organic Social,116000.0,1060.0,109.43,2600.0,432.0,1728.0,445.0,615.0,9600.0,7600.0,2600.0,126000.0,6300.0,26000.0,15500.0,0.08805,2289.3,1368.78,113711.0
9/1/2021,Paid Search,444000.0,3280.0,135.37,88800.0,1988.0,795.0,2005.0,1275.0,30800.0,26800.0,88800.0,1776000.0,35520.0,26000.0,15500.0,0.33698,8761.48,5238.19,435239.0
9/1/2021,Paid Social,214000.0,1640.0,130.49,58000.0,1070.0,428.0,1080.0,560.0,25000.0,21000.0,58000.0,1640000.0,32800.0,26000.0,15500.0,0.16242,4222.92,2522.51,209777.0
10/1/2021,Affiliate,65000.0,550.0,118.18,13000.0,321.0,107.0,320.0,230.0,2950.0,2650.0,13000.0,650000.0,3250.0,26500.0,15750.0,0.04854,1286.33,767.49,63714.0
10/1/2021,Direct,197000.0,1570.0,125.48,0.0,825.0,1237.0,835.0,735.0,14700.0,12700.0,0.0,0.0,0.0,26500.0,15750.0,0.14711,3898.41,2326.35,193102.0
10/1/2021,Email,285000.0,2550.0,111.76,5300.0,1025.0,4100.0,1035.0,1515.0,24500.0,19500.0,5300.0,265000.0,26500.0,26500.0,15750.0,0.21282,5640.0,3364.73,279360.0
10/1/2021,Organic Social,118000.0,1080.0,109.26,2650.0,441.0,1764.0,455.0,625.0,9800.0,7800.0,2650.0,128000.0,6400.0,26500.0,15750.0,0.08812,2335.19,1393.13,115665.0
10/1/2021,Paid Search,452000.0,3340.0,135.33,90400.0,2024.0,810.0,2040.0,1300.0,31400.0,27400.0,90400.0,1808000.0,36160.0,26500.0,15750.0,0.33753,8944.55,5336.72,443055.0
10/1/2021,Paid Social,217000.0,1670.0,129.94,59000.0,1085.0,434.0,1095.0,575.0,25500.0,21500.0,59000.0,1670000.0,33400.0,26500.0,15750.0,0.16203,4293.84,2561.46,212706.0
11/1/2021,Affiliate,66000.0,560.0,117.86,13200.0,327.0,109.0,325.0,235.0,3000.0,2700.0,13200.0,660000.0,3300.0,27000.0,16000.0,0.04856,1311.12,778.08,64689.0
11/1/2021,Direct,200000.0,1600.0,125.0,0.0,840.0,1260.0,850.0,750.0,15000.0,13000.0,0.0,0.0,0.0,27000.0,16000.0,0.14717,3973.59,2353.92,196026.0
11/1/2021,Email,290000.0,2600.0,111.54,5400.0,1040.0,4160.0,1050.0,1550.0,25000.0,20000.0,5400.0,270000.0,27000.0,27000.0,16000.0,0.21339,5761.53,3414.24,284238.0
11/1/2021,Organic Social,120000.0,1100.0,109.09,2650.0,450.0,1800.0,465.0,635.0,10000.0,8000.0,2650.0,130000.0,6500.0,27000.0,16000.0,0.0883,2384.1,1412.8,117616.0
11/1/2021,Paid Search,458000.0,3400.0,134.71,91600.0,2060.0,824.0,2080.0,1320.0,32000.0,28000.0,91600.0,1832000.0,36640.0,27000.0,16000.0,0.337,9100.0,5392.0,448900.0
11/1/2021,Paid Social,220000.0,1700.0,129.41,60000.0,1086.0,434.0,1100.0,600.0,26000.0,22000.0,60000.0,1700000.0,34000.0,27000.0,16000.0,0.16188,4370.76,2589.96,215629.0
12/1/2021,Affiliate,68000.0,580.0,117.24,13600.0,333.0,111.0,335.0,245.0,3100.0,2800.0,13600.0,680000.0,3400.0,28000.0,16500.0,0.04847,1357.16,800.0,66643.0
12/1/2021,Direct,205000.0,1650.0,124.24,0.0,855.0,1282.0,865.0,785.0,15500.0,13500.0,0.0,0.0,0.0,28000.0,16500.0,0.14615,4092.2,2411.48,200908.0
12/1/2021,Email,300000.0,2700.0,111.11,5600.0,1070.0,4280.0,1080.0,1620.0,26000.0,21000.0,5600.0,280000.0,28000.0,28000.0,16500.0,0.21389,5988.92,3529.19,294011.0
12/1/2021,Organic Social,125000.0,1150.0,108.7,2750.0,440.0,1760.0,450.0,700.0,10500.0,8500.0,2750.0,135000.0,6750.0,28000.0,16500.0,0.0891,2494.8,1470.15,122505.0
12/1/2021,Paid Search,478000.0,3540.0,135.03,95600.0,2108.0,843.0,2125.0,1415.0,33000.0,29000.0,95600.0,1912000.0,38240.0,28000.0,16500.0,0.34073,9540.44,5622.05,468459.0
12/1/2021,Paid Social,227000.0,1770.0,128.25,61000.0,1100.0,440.0,1110.0,660.0,26500.0,22500.0,61000.0,1720000.0,34400.0,28000.0,16500.0,0.16184,4531.52,2670.36,222468.0
9/1/2022,Organic Social,121000.0,1110.0,109.01,2650.0,441.0,1764.0,455.0,655.0,9800.0,7800.0,2650.0,131000.0,6550.0,27000.0,16000.0,0.08903,2403.81,1424.48,118596.0
